<?xml version="1.0" encoding="UTF-8"?>
<project-private xmlns="http://www.netbeans.org/ns/project-private/1">
    <editor-bookmarks xmlns="http://www.netbeans.org/ns/editor-bookmarks/2" lastBookmarkId="0"/>
    <open-files xmlns="http://www.netbeans.org/ns/projectui-open-files/2">
        <group>
            <file>file:/home/ahernandez2248/NetBeansProjects/SlickExample_1/src/slickexample/lose.java</file>
            <file>file:/home/ahernandez2248/NetBeansProjects/SlickExample_1/src/slickexample/Item1.java</file>
            <file>file:/home/ahernandez2248/NetBeansProjects/SlickExample_1/src/slickexample/Unwavering.java</file>
            <file>file:/home/ahernandez2248/NetBeansProjects/SlickExample_1/src/slickexample/Itemwin.java</file>
            <file>file:/home/ahernandez2248/NetBeansProjects/SlickExample_1/src/slickexample/Item2.java</file>
            <file>file:/home/ahernandez2248/NetBeansProjects/SlickExample_1/src/slickexample/Enemy.java</file>
            <file>file:/home/ahernandez2248/NetBeansProjects/SlickExample_1/src/slickexample/Player.java</file>
            <file>file:/home/ahernandez2248/NetBeansProjects/SlickExample_1/src/slickexample/win.java</file>
        </group>
    </open-files>
</project-private>
